"ANO","NIVEL","CODMUNRES","IDHM_A","IDHM_CA","IDHM_CA_M","IDHM_CA_F"
2015,"UF",51,"0,77","0,725","0,695","0,756"
2015,"MUNICIPIO",5100201,NA,"0,576",NA,NA
2015,"MUNICIPIO",5100201,NA,"0,729",NA,NA
2015,"MUNICIPIO",5100102,NA,"0,628",NA,NA
2015,"MUNICIPIO",5100250,NA,"0,714",NA,NA
2015,"MUNICIPIO",5100300,NA,"0,704",NA,NA
2015,"MUNICIPIO",5100359,NA,"0,651",NA,NA
2015,"MUNICIPIO",5100409,NA,"0,701",NA,NA
2015,"MUNICIPIO",5100508,NA,"0,638",NA,NA
2015,"MUNICIPIO",5100607,NA,"0,705",NA,NA
2015,"MUNICIPIO",5100805,NA,"0,675",NA,NA
2015,"MUNICIPIO",5101001,NA,"0,687",NA,NA
2015,"MUNICIPIO",5101209,NA,"0,701",NA,NA
2015,"MUNICIPIO",5101258,NA,"0,725",NA,NA
2015,"MUNICIPIO",5101308,NA,"0,704",NA,NA
2015,"MUNICIPIO",5101407,NA,"0,675",NA,NA
2015,"MUNICIPIO",5101605,NA,"0,6",NA,NA
2015,"MUNICIPIO",5101704,NA,"0,693",NA,NA
2015,"MUNICIPIO",5101803,NA,"0,748",NA,NA
2015,"MUNICIPIO",5101852,NA,"0,661",NA,NA
2015,"MUNICIPIO",5101902,NA,"0,696",NA,NA
2015,"MUNICIPIO",5102504,NA,"0,708",NA,NA
2015,"MUNICIPIO",5102603,NA,"0,538",NA,NA
2015,"MUNICIPIO",5102637,NA,"0,734",NA,NA
2015,"MUNICIPIO",5102678,NA,"0,75",NA,NA
2015,"MUNICIPIO",5102686,NA,"0,744",NA,NA
2015,"MUNICIPIO",5102694,NA,"0,667",NA,NA
2015,"MUNICIPIO",5102702,NA,"0,693",NA,NA
2015,"MUNICIPIO",5102702,NA,"0,587",NA,NA
2015,"MUNICIPIO",5102793,NA,"0,665",NA,NA
2015,"MUNICIPIO",5102850,NA,"0,665",NA,NA
2015,"MUNICIPIO",5103007,NA,"0,688",NA,NA
2015,"MUNICIPIO",5103056,NA,"0,699",NA,NA
2015,"MUNICIPIO",5103106,NA,"0,66",NA,NA
2015,"MUNICIPIO",5103205,NA,"0,713",NA,NA
2015,"MUNICIPIO",5103254,NA,"0,611",NA,NA
2015,"MUNICIPIO",5103304,NA,"0,689",NA,NA
2015,"MUNICIPIO",5103353,NA,"0,668",NA,NA
2015,"MUNICIPIO",5103361,NA,"0,718",NA,NA
2015,"MUNICIPIO",5103379,NA,"0,601",NA,NA
2015,"MUNICIPIO",5103403,NA,"0,785",NA,NA
2015,"MUNICIPIO",5103437,NA,"0,69",NA,NA
2015,"MUNICIPIO",5103452,NA,"0,683",NA,NA
2015,"MUNICIPIO",5103502,NA,"0,718",NA,NA
2015,"MUNICIPIO",5103601,NA,"0,69",NA,NA
2015,"MUNICIPIO",5103700,NA,"0,692",NA,NA
2015,"MUNICIPIO",5103809,NA,"0,679",NA,NA
2015,"MUNICIPIO",5103858,NA,"0,615",NA,NA
2015,"MUNICIPIO",5103908,NA,"0,652",NA,NA
2015,"MUNICIPIO",5103908,NA,"0,67",NA,NA
2015,"MUNICIPIO",5103957,NA,"0,71",NA,NA
2015,"MUNICIPIO",5104104,NA,"0,703",NA,NA
2015,"MUNICIPIO",5104203,NA,"0,705",NA,NA
2015,"MUNICIPIO",5104500,NA,"0,661",NA,NA
2015,"MUNICIPIO",5104526,NA,"0,727",NA,NA
2015,"MUNICIPIO",5104559,NA,"0,69",NA,NA
2015,"MUNICIPIO",5104542,NA,"0,71",NA,NA
2015,"MUNICIPIO",5104609,NA,"0,693",NA,NA
2015,"MUNICIPIO",5104807,NA,"0,735",NA,NA
2015,"MUNICIPIO",5104906,NA,"0,63",NA,NA
2015,"MUNICIPIO",5105002,NA,"0,673",NA,NA
2015,"MUNICIPIO",5105150,NA,"0,716",NA,NA
2015,"MUNICIPIO",5105101,NA,"0,682",NA,NA
2015,"MUNICIPIO",5105176,NA,"0,662",NA,NA
2015,"MUNICIPIO",5105200,NA,"0,714",NA,NA
2015,"MUNICIPIO",5105234,NA,"0,627",NA,NA
2015,"MUNICIPIO",5105259,NA,"0,768",NA,NA
2015,"MUNICIPIO",5105309,NA,"0,676",NA,NA
2015,"MUNICIPIO",5105580,NA,"0,701",NA,NA
2015,"MUNICIPIO",5105606,NA,"0,716",NA,NA
2015,"MUNICIPIO",5105622,NA,"0,704",NA,NA
2015,"MUNICIPIO",5105903,NA,"0,699",NA,NA
2015,"MUNICIPIO",5106000,NA,"0,702",NA,NA
2015,"MUNICIPIO",5106109,NA,"0,638",NA,NA
2015,"MUNICIPIO",5106158,NA,"0,65",NA,NA
2015,"MUNICIPIO",5106208,NA,"0,651",NA,NA
2015,"MUNICIPIO",5106216,NA,"0,686",NA,NA
2015,"MUNICIPIO",5108808,NA,"0,688",NA,NA
2015,"MUNICIPIO",5106182,NA,"0,636",NA,NA
2015,"MUNICIPIO",5108857,NA,"0,704",NA,NA
2015,"MUNICIPIO",5108907,NA,"0,663",NA,NA
2015,"MUNICIPIO",5108956,NA,"0,691",NA,NA
2015,"MUNICIPIO",5106224,NA,"0,758",NA,NA
2015,"MUNICIPIO",5106174,NA,"0,595",NA,NA
2015,"MUNICIPIO",5106232,NA,"0,682",NA,NA
2015,"MUNICIPIO",5106232,NA,"0,71",NA,NA
2015,"MUNICIPIO",5106190,NA,"0,714",NA,NA
2015,"MUNICIPIO",5106240,NA,"0,669",NA,NA
2015,"MUNICIPIO",5106257,NA,"0,704",NA,NA
2015,"MUNICIPIO",5106273,NA,"0,664",NA,NA
2015,"MUNICIPIO",5106265,NA,"0,674",NA,NA
2015,"MUNICIPIO",5106281,NA,"0,649",NA,NA
2015,"MUNICIPIO",5106315,NA,"0,653",NA,NA
2015,"MUNICIPIO",5106315,NA,"0,528",NA,NA
2015,"MUNICIPIO",5106299,NA,"0,672",NA,NA
2015,"MUNICIPIO",5106307,NA,"0,667",NA,NA
2015,"MUNICIPIO",5106372,NA,"0,679",NA,NA
2015,"MUNICIPIO",5106372,NA,"0,558",NA,NA
2015,"MUNICIPIO",5106422,NA,"0,649",NA,NA
2015,"MUNICIPIO",5106455,NA,"0,656",NA,NA
2015,"MUNICIPIO",5106505,NA,"0,652",NA,NA
2015,"MUNICIPIO",5106653,NA,"0,734",NA,NA
2015,"MUNICIPIO",5106703,NA,"0,686",NA,NA
2015,"MUNICIPIO",5106752,NA,"0,703",NA,NA
2015,"MUNICIPIO",5106778,NA,"0,673",NA,NA
2015,"MUNICIPIO",5106802,NA,"0,685",NA,NA
2015,"MUNICIPIO",5106828,NA,"0,652",NA,NA
2015,"MUNICIPIO",5106851,NA,"0,599",NA,NA
2015,"MUNICIPIO",5107008,NA,"0,678",NA,NA
2015,"MUNICIPIO",5107040,NA,"0,752",NA,NA
2015,"MUNICIPIO",5107065,NA,"0,692",NA,NA
2015,"MUNICIPIO",5107156,NA,"0,676",NA,NA
2015,"MUNICIPIO",5107180,NA,"0,67",NA,NA
2015,"MUNICIPIO",5107198,NA,"0,692",NA,NA
2015,"MUNICIPIO",5107206,NA,"0,727",NA,NA
2015,"MUNICIPIO",5107206,NA,"0,707",NA,NA
2015,"MUNICIPIO",5107578,NA,"0,64",NA,NA
2015,"MUNICIPIO",5107602,NA,"0,755",NA,NA
2015,"MUNICIPIO",5107701,NA,"0,65",NA,NA
2015,"MUNICIPIO",5107859,NA,"0,668",NA,NA
2015,"MUNICIPIO",5107297,NA,"0,661",NA,NA
2015,"MUNICIPIO",5107305,NA,"0,682",NA,NA
2015,"MUNICIPIO",5107354,NA,"0,657",NA,NA
2015,"MUNICIPIO",5107107,NA,"0,719",NA,NA
2015,"MUNICIPIO",5107404,NA,"0,66",NA,NA
2015,"MUNICIPIO",5107750,NA,"0,666",NA,NA
2015,"MUNICIPIO",5107248,NA,"0,715",NA,NA
2015,"MUNICIPIO",5107743,NA,"0,684",NA,NA
2015,"MUNICIPIO",5107768,NA,"0,735",NA,NA
2015,"MUNICIPIO",5107776,NA,"0,609",NA,NA
2015,"MUNICIPIO",5107776,NA,"0,593",NA,NA
2015,"MUNICIPIO",5107776,NA,"0,669",NA,NA
2015,"MUNICIPIO",5107263,NA,"0,689",NA,NA
2015,"MUNICIPIO",5107792,NA,"0,655",NA,NA
2015,"MUNICIPIO",5107800,NA,"0,656",NA,NA
2015,"MUNICIPIO",5107875,NA,"0,732",NA,NA
2015,"MUNICIPIO",5107883,NA,"0,664",NA,NA
2015,"MUNICIPIO",5107909,NA,"0,754",NA,NA
2015,"MUNICIPIO",5107925,NA,"0,744",NA,NA
2015,"MUNICIPIO",5107941,NA,"0,695",NA,NA
2015,"MUNICIPIO",5107958,NA,"0,729",NA,NA
2015,"MUNICIPIO",5108006,NA,"0,714",NA,NA
2015,"MUNICIPIO",5108055,NA,"0,698",NA,NA
2015,"MUNICIPIO",5108105,NA,"0,655",NA,NA
2015,"MUNICIPIO",5108204,NA,"0,716",NA,NA
2015,"MUNICIPIO",5108303,NA,"0,665",NA,NA
2015,"MUNICIPIO",5108402,NA,"0,734",NA,NA
2015,"MUNICIPIO",5108402,NA,"0,571",NA,NA
2015,"MUNICIPIO",5108352,NA,"0,656",NA,NA
2015,"MUNICIPIO",5108501,NA,"0,68",NA,NA
2015,"MUNICIPIO",5105507,NA,"0,645",NA,NA
2015,"MUNICIPIO",5108600,NA,"0,688",NA,NA
